地区,新增确诊,现有确诊,治愈,死亡
香港,53,965,7616,143
台湾,2,127,661,7
上海,7,98,1400,7
辽宁,5,53,287,2
四川,0,31,817,3
北京,1,30,941,9
广东,1,25,2008,8
福建,2,24,486,1
内蒙古,2,21,339,1
陕西,0,13,489,3
云南,0,13,214,2
浙江,1,12,1293,1
山东,1,9,846,7
黑龙江,1,8,941,13
河南,0,7,1270,22
天津,3,6,300,3
山西,0,3,221,0
江苏,0,2,682,0
广西,0,1,261,2
安徽,0,1,986,6
湖南,0,1,1016,4
澳门,0,0,46,0
贵州,0,0,145,2
重庆,0,0,584,6
江西,0,0,934,1
宁夏,0,0,75,0
湖北,0,0,63637,4512
吉林,0,0,155,2
青海,0,0,18,0
西藏,0,0,1,0
新疆,0,0,977,3
海南,0,0,165,6
甘肃,0,0,180,2
